t,demand,,,,,,,,,,,,,,,,,,,,,,,,,,,,,
1,1974,,,,,,,,,,,,,,,,,,,,,,,,,,,,,
2,1919,,,,,,,,,,,,,,,,,,,,,,,,,,,,,
3,1731,,,,,,,,,,,,,,,,,,,,,,,,,,,,,
4,1668,,,,,,,,,,,,,,,,,,,,,,,,,,,,,
5,1895,,,,,,,,,,,,,,,,,,,,,,,,,,,,,
6,2369,,,,,,,,,,,,,,,,,,,,,,,,,,,,,
7,1606,,,,,,,,,,,,,,,,,,,,,,,,,,,,,
8,2468,,,,,,,,,,,,,,,,,,,,,,,,,,,,,
9,2168,,,,,,,,,,,,,,,,,,,,,,,,,,,,,
10,2535,,,,,,,,,,,,,,,,,,,,,,,,,,,,,
11,1835,,,,,,,,,,,,,,,,,,,,,,,,,,,,,
12,2355,,,,,,,,,,,,,,,,,,,,,,,,,,,,,
13,1640,,,,,,,,,,,,,,,,,,,,,,,,,,,,,
14,2026,,,,,,,,,,,,,,,,,,,,,,,,,,,,,
15,2209,,,,,,,,,,,,,,,,,,,,,,,,,,,,,
16,1845,,,,,,,,,,,,,,,,,,,,,,,,,,,,,
17,1701,,,,,,,,,,,,,,,,,,,,,,,,,,,,,
18,1938,,,,,,,,,,,,,,,,,,,,,,,,,,,,,
19,2521,,,,,,,,,,,,,,,,,,,,,,,,,,,,,
20,2104,,,,,,,,,,,,,,,,,,,,,,,,,,,,,
21,1754,,,,,,,,,,,,,,,,,,,,,,,,,,,,,
22,2314,,,,,,,,,,,,,,,,,,,,,,,,,,,,,
23,1948,,,,,,,,,,,,,,,,,,,,,,,,,,,,,
24,2052,,,,,,,,,,,,,,,,,,,,,,,,,,,,,
25,2270,,,,,,,,,,,,,,,,,,,,,,,,,,,,,
26,1613,,,,,,,,,,,,,,,,,,,,,,,,,,,,,
27,1826,,,,,,,,,,,,,,,,,,,,,,,,,,,,,
28,2386,,,,,,,,,,,,,,,,,,,,,,,,,,,,,
29,2391,,,,,,,,,,,,,,,,,,,,,,,,,,,,,
30,2539,,,,,,,,,,,,,,,,,,,,,,,,,,,,,
31,2581,,,,,,,,,,,,,,,,,,,,,,,,,,,,,
32,2063,,,,,,,,,,,,,,,,,,,,,,,,,,,,,
33,1901,,,,,,,,,,,,,,,,,,,,,,,,,,,,,
34,1661,,,,,,,,,,,,,,,,,,,,,,,,,,,,,
35,1836,,,,,,,,,,,,,,,,,,,,,,,,,,,,,
36,1740,,,,,,,,,,,,,,,,,,,,,,,,,,,,,
37,2119,,,,,,,,,,,,,,,,,,,,,,,,,,,,,
38,1770,,,,,,,,,,,,,,,,,,,,,,,,,,,,,
39,2292,,,,,,,,,,,,,,,,,,,,,,,,,,,,,
40,1669,,,,,,,,,,,,,,,,,,,,,,,,,,,,,
41,2143,,,,,,,,,,,,,,,,,,,,,,,,,,,,,
42,2153,,,,,,,,,,,,,,,,,,,,,,,,,,,,,
43,2302,,,,,,,,,,,,,,,,,,,,,,,,,,,,,
44,2132,,,,,,,,,,,,,,,,,,,,,,,,,,,,,
45,2409,,,,,,,,,,,,,,,,,,,,,,,,,,,,,
46,2192,,,,,,,,,,,,,,,,,,,,,,,,,,,,,
47,2508,,,,,,,,,,,,,,,,,,,,,,,,,,,,,
48,2120,,,,,,,,,,,,,,,,,,,,,,,,,,,,,
49,1918,,,,,,,,,,,,,,,,,,,,,,,,,,,,,
50,1951,,,,,,,,,,,,,,,,,,,,,,,,,,,,,
51,2277,,,,,,,,,,,,,,,,,,,,,,,,,,,,,
52,2507,,,,,,,,,,,,,,,,,,,,,,,,,,,,,
53,2205,,,,,,,,,,,,,,,,,,,,,,,,,,,,,
54,1800,,,,,,,,,,,,,,,,,,,,,,,,,,,,,
55,1723,,,,,,,,,,,,,,,,,,,,,,,,,,,,,
56,1889,,,,,,,,,,,,,,,,,,,,,,,,,,,,,
57,2103,,,,,,,,,,,,,,,,,,,,,,,,,,,,,
58,1869,,,,,,,,,,,,,,,,,,,,,,,,,,,,,
59,2485,,,,,,,,,,,,,,,,,,,,,,,,,,,,,
60,2162,,,,,,,,,,,,,,,,,,,,,,,,,,,,,
61,2418,,,,,,,,,,,,,,,,,,,,,,,,,,,,,
62,1872,,,,,,,,,,,,,,,,,,,,,,,,,,,,,
63,1948,,,,,,,,,,,,,,,,,,,,,,,,,,,,,
64,1816,,,,,,,,,,,,,,,,,,,,,,,,,,,,,
65,2697,,,,,,,,,,,,,,,,,,,,,,,,,,,,,
66,2629,,,,,,,,,,,,,,,,,,,,,,,,,,,,,
67,2733,,,,,,,,,,,,,,,,,,,,,,,,,,,,,
68,2694,,,,,,,,,,,,,,,,,,,,,,,,,,,,,
69,1976,,,,,,,,,,,,,,,,,,,,,,,,,,,,,
70,2430,,,,,,,,,,,,,,,,,,,,,,,,,,,,,
71,2126,,,,,,,,,,,,,,,,,,,,,,,,,,,,,
72,1926,,,,,,,,,,,,,,,,,,,,,,,,,,,,,
73,1963,,,,,,,,,,,,,,,,,,,,,,,,,,,,,
74,2274,,,,,,,,,,,,,,,,,,,,,,,,,,,,,
75,1873,,,,,,,,,,,,,,,,,,,,,,,,,,,,,
76,1811,,,,,,,,,,,,,,,,,,,,,,,,,,,,,
77,2180,,,,,,,,,,,,,,,,,,,,,,,,,,,,,
78,1861,,,,,,,,,,,,,,,,,,,,,,,,,,,,,
79,2436,,,,,,,,,,,,,,,,,,,,,,,,,,,,,
80,1902,,,,,,,,,,,,,,,,,,,,,,,,,,,,,
81,1838,,,,,,,,,,,,,,,,,,,,,,,,,,,,,
82,2422,,,,,,,,,,,,,,,,,,,,,,,,,,,,,
83,2361,,,,,,,,,,,,,,,,,,,,,,,,,,,,,
84,2083,,,,,,,,,,,,,,,,,,,,,,,,,,,,,
85,2663,,,,,,,,,,,,,,,,,,,,,,,,,,,,,
86,2133,,,,,,,,,,,,,,,,,,,,,,,,,,,,,
87,2260,,,,,,,,,,,,,,,,,,,,,,,,,,,,,
88,2271,,,,,,,,,,,,,,,,,,,,,,,,,,,,,
89,2330,,,,,,,,,,,,,,,,,,,,,,,,,,,,,
90,2648,,,,,,,,,,,,,,,,,,,,,,,,,,,,,
91,2188,,,,,,,,,,,,,,,,,,,,,,,,,,,,,
92,2382,,,,,,,,,,,,,,,,,,,,,,,,,,,,,
93,2522,,,,,,,,,,,,,,,,,,,,,,,,,,,,,
94,2402,,,,,,,,,,,,,,,,,,,,,,,,,,,,,
95,2480,,,,,,,,,,,,,,,,,,,,,,,,,,,,,
96,2773,,,,,,,,,,,,,,,,,,,,,,,,,,,,,
97,2792,,,,,,,,,,,,,,,,,,,,,,,,,,,,,
98,2322,,,,,,,,,,,,,,,,,,,,,,,,,,,,,
99,2197,,,,,,,,,,,,,,,,,,,,,,,,,,,,,
100,1928,,,,,,,,,,,,,,,,,,,,,,,,,,,,,
101,2093,,,,,,,,,,,,,,,,,,,,,,,,,,,,,
102,1945,,,,,,,,,,,,,,,,,,,,,,,,,,,,,
103,2798,,,,,,,,,,,,,,,,,,,,,,,,,,,,,
104,2575,,,,,,,,,,,,,,,,,,,,,,,,,,,,,
105,2199,,,,,,,,,,,,,,,,,,,,,,,,,,,,,
106,2390,,,,,,,,,,,,,,,,,,,,,,,,,,,,,
107,2324,,,,,,,,,,,,,,,,,,,,,,,,,,,,,
108,2669,,,,,,,,,,,,,,,,,,,,,,,,,,,,,
109,2492,,,,,,,,,,,,,,,,,,,,,,,,,,,,,
110,2751,,,,,,,,,,,,,,,,,,,,,,,,,,,,,
111,2844,,,,,,,,,,,,,,,,,,,,,,,,,,,,,
112,2717,,,,,,,,,,,,,,,,,,,,,,,,,,,,,
113,2869,,,,,,,,,,,,,,,,,,,,,,,,,,,,,
114,2284,,,,,,,,,,,,,,,,,,,,,,,,,,,,,
115,2496,,,,,,,,,,,,,,,,,,,,,,,,,,,,,
116,2345,,,,,,,,,,,,,,,,,,,,,,,,,,,,,
117,2576,,,,,,,,,,,,,,,,,,,,,,,,,,,,,
118,2302,,,,,,,,,,,,,,,,,,,,,,,,,,,,,
119,2351,,,,,,,,,,,,,,,,,,,,,,,,,,,,,
120,2186,,,,,,,,,,,,,,,,,,,,,,,,,,,,,
121,2049,,,,,,,,,,,,,,,,,,,,,,,,,,,,,
122,2610,,,,,,,,,,,,,,,,,,,,,,,,,,,,,
123,2023,,,,,,,,,,,,,,,,,,,,,,,,,,,,,
124,2957,,,,,,,,,,,,,,,,,,,,,,,,,,,,,
125,2073,,,,,,,,,,,,,,,,,,,,,,,,,,,,,
126,2077,,,,,,,,,,,,,,,,,,,,,,,,,,,,,
127,2172,,,,,,,,,,,,,,,,,,,,,,,,,,,,,
128,2129,,,,,,,,,,,,,,,,,,,,,,,,,,,,,
129,2583,,,,,,,,,,,,,,,,,,,,,,,,,,,,,
130,3009,,,,,,,,,,,,,,,,,,,,,,,,,,,,,
131,2315,,,,,,,,,,,,,,,,,,,,,,,,,,,,,
132,2549,,,,,,,,,,,,,,,,,,,,,,,,,,,,,
133,2817,,,,,,,,,,,,,,,,,,,,,,,,,,,,,
134,2610,,,,,,,,,,,,,,,,,,,,,,,,,,,,,
135,2744,,,,,,,,,,,,,,,,,,,,,,,,,,,,,
136,2103,,,,,,,,,,,,,,,,,,,,,,,,,,,,,
137,2247,,,,,,,,,,,,,,,,,,,,,,,,,,,,,
138,2859,,,,,,,,,,,,,,,,,,,,,,,,,,,,,
139,2665,,,,,,,,,,,,,,,,,,,,,,,,,,,,,
140,2650,,,,,,,,,,,,,,,,,,,,,,,,,,,,,
141,3017,,,,,,,,,,,,,,,,,,,,,,,,,,,,,
142,2954,,,,,,,,,,,,,,,,,,,,,,,,,,,,,
143,2291,,,,,,,,,,,,,,,,,,,,,,,,,,,,,
144,2322,,,,,,,,,,,,,,,,,,,,,,,,,,,,,
145,2361,,,,,,,,,,,,,,,,,,,,,,,,,,,,,
146,2402,,,,,,,,,,,,,,,,,,,,,,,,,,,,,
147,2453,,,,,,,,,,,,,,,,,,,,,,,,,,,,,
148,2351,,,,,,,,,,,,,,,,,,,,,,,,,,,,,
149,2985,,,,,,,,,,,,,,,,,,,,,,,,,,,,,
150,2681,,,,,,,,,,,,,,,,,,,,,,,,,,,,,
151,2851,,,,,,,,,,,,,,,,,,,,,,,,,,,,,
152,2662,,,,,,,,,,,,,,,,,,,,,,,,,,,,,
153,2372,,,,,,,,,,,,,,,,,,,,,,,,,,,,,
154,2794,,,,,,,,,,,,,,,,,,,,,,,,,,,,,
155,3103,,,,,,,,,,,,,,,,,,,,,,,,,,,,,
156,2515,,,,,,,,,,,,,,,,,,,,,,,,,,,,,
157,3057,,,,,,,,,,,,,,,,,,,,,,,,,,,,,
158,2385,,,,,,,,,,,,,,,,,,,,,,,,,,,,,
159,2229,,,,,,,,,,,,,,,,,,,,,,,,,,,,,
160,2569,,,,,,,,,,,,,,,,,,,,,,,,,,,,,
161,2173,,,,,,,,,,,,,,,,,,,,,,,,,,,,,
162,2665,,,,,,,,,,,,,,,,,,,,,,,,,,,,,
163,3134,,,,,,,,,,,,,,,,,,,,,,,,,,,,,
164,2628,,,,,,,,,,,,,,,,,,,,,,,,,,,,,
165,2520,,,,,,,,,,,,,,,,,,,,,,,,,,,,,
166,2587,,,,,,,,,,,,,,,,,,,,,,,,,,,,,
167,2422,,,,,,,,,,,,,,,,,,,,,,,,,,,,,
168,2648,,,,,,,,,,,,,,,,,,,,,,,,,,,,,
169,3021,,,,,,,,,,,,,,,,,,,,,,,,,,,,,
170,2605,,,,,,,,,,,,,,,,,,,,,,,,,,,,,
171,2780,,,,,,,,,,,,,,,,,,,,,,,,,,,,,
172,2967,,,,,,,,,,,,,,,,,,,,,,,,,,,,,
173,2983,,,,,,,,,,,,,,,,,,,,,,,,,,,,,
174,2343,,,,,,,,,,,,,,,,,,,,,,,,,,,,,
175,3033,,,,,,,,,,,,,,,,,,,,,,,,,,,,,
176,2957,,,,,,,,,,,,,,,,,,,,,,,,,,,,,
177,3195,,,,,,,,,,,,,,,,,,,,,,,,,,,,,
178,2507,,,,,,,,,,,,,,,,,,,,,,,,,,,,,
179,3055,,,,,,,,,,,,,,,,,,,,,,,,,,,,,
180,2282,,,,,,,,,,,,,,,,,,,,,,,,,,,,,
181,2714,,,,,,,,,,,,,,,,,,,,,,,,,,,,,
182,2250,,,,,,,,,,,,,,,,,,,,,,,,,,,,,
183,2797,,,,,,,,,,,,,,,,,,,,,,,,,,,,,
184,2969,,,,,,,,,,,,,,,,,,,,,,,,,,,,,
185,2927,,,,,,,,,,,,,,,,,,,,,,,,,,,,,
186,2420,,,,,,,,,,,,,,,,,,,,,,,,,,,,,
187,2990,,,,,,,,,,,,,,,,,,,,,,,,,,,,,
188,3203,,,,,,,,,,,,,,,,,,,,,,,,,,,,,
189,2720,,,,,,,,,,,,,,,,,,,,,,,,,,,,,
190,2267,,,,,,,,,,,,,,,,,,,,,,,,,,,,,
191,2700,,,,,,,,,,,,,,,,,,,,,,,,,,,,,
192,3010,,,,,,,,,,,,,,,,,,,,,,,,,,,,,
193,3072,,,,,,,,,,,,,,,,,,,,,,,,,,,,,
194,2917,,,,,,,,,,,,,,,,,,,,,,,,,,,,,
195,2314,,,,,,,,,,,,,,,,,,,,,,,,,,,,,
196,2390,,,,,,,,,,,,,,,,,,,,,,,,,,,,,
197,3217,,,,,,,,,,,,,,,,,,,,,,,,,,,,,
198,3030,,,,,,,,,,,,,,,,,,,,,,,,,,,,,
199,3185,,,,,,,,,,,,,,,,,,,,,,,,,,,,,
200,2762,,,,,,,,,,,,,,,,,,,,,,,,,,,,,
201,2510,,,,,,,,,,,,,,,,,,,,,,,,,,,,,
202,3137,,,,,,,,,,,,,,,,,,,,,,,,,,,,,
203,2437,,,,,,,,,,,,,,,,,,,,,,,,,,,,,
204,3239,,,,,,,,,,,,,,,,,,,,,,,,,,,,,
205,3126,,,,,,,,,,,,,,,,,,,,,,,,,,,,,
206,2674,,,,,,,,,,,,,,,,,,,,,,,,,,,,,
207,2630,,,,,,,,,,,,,,,,,,,,,,,,,,,,,
208,2966,,,,,,,,,,,,,,,,,,,,,,,,,,,,,
209,2675,,,,,,,,,,,,,,,,,,,,,,,,,,,,,
210,3149,,,,,,,,,,,,,,,,,,,,,,,,,,,,,
211,2362,,,,,,,,,,,,,,,,,,,,,,,,,,,,,
212,2624,,,,,,,,,,,,,,,,,,,,,,,,,,,,,
213,2384,,,,,,,,,,,,,,,,,,,,,,,,,,,,,
214,3201,,,,,,,,,,,,,,,,,,,,,,,,,,,,,
215,2522,,,,,,,,,,,,,,,,,,,,,,,,,,,,,
216,2435,,,,,,,,,,,,,,,,,,,,,,,,,,,,,
217,3241,,,,,,,,,,,,,,,,,,,,,,,,,,,,,
218,2987,,,,,,,,,,,,,,,,,,,,,,,,,,,,,
219,3140,,,,,,,,,,,,,,,,,,,,,,,,,,,,,
220,3360,,,,,,,,,,,,,,,,,,,,,,,,,,,,,
221,3351,,,,,,,,,,,,,,,,,,,,,,,,,,,,,
222,2503,,,,,,,,,,,,,,,,,,,,,,,,,,,,,
223,2573,,,,,,,,,,,,,,,,,,,,,,,,,,,,,
224,2785,,,,,,,,,,,,,,,,,,,,,,,,,,,,,
225,2520,,,,,,,,,,,,,,,,,,,,,,,,,,,,,
226,2412,,,,,,,,,,,,,,,,,,,,,,,,,,,,,
227,2933,,,,,,,,,,,,,,,,,,,,,,,,,,,,,
228,2535,,,,,,,,,,,,,,,,,,,,,,,,,,,,,
229,3029,,,,,,,,,,,,,,,,,,,,,,,,,,,,,
230,3114,,,,,,,,,,,,,,,,,,,,,,,,,,,,,
231,3007,,,,,,,,,,,,,,,,,,,,,,,,,,,,,
232,3033,,,,,,,,,,,,,,,,,,,,,,,,,,,,,
233,2757,,,,,,,,,,,,,,,,,,,,,,,,,,,,,
234,2514,,,,,,,,,,,,,,,,,,,,,,,,,,,,,
235,2651,,,,,,,,,,,,,,,,,,,,,,,,,,,,,
236,2995,,,,,,,,,,,,,,,,,,,,,,,,,,,,,
237,3408,,,,,,,,,,,,,,,,,,,,,,,,,,,,,
238,3006,,,,,,,,,,,,,,,,,,,,,,,,,,,,,
239,2874,,,,,,,,,,,,,,,,,,,,,,,,,,,,,
240,2777,,,,,,,,,,,,,,,,,,,,,,,,,,,,,
241,2529,,,,,,,,,,,,,,,,,,,,,,,,,,,,,
242,2500,,,,,,,,,,,,,,,,,,,,,,,,,,,,,
243,3246,,,,,,,,,,,,,,,,,,,,,,,,,,,,,
244,2938,,,,,,,,,,,,,,,,,,,,,,,,,,,,,
245,3353,,,,,,,,,,,,,,,,,,,,,,,,,,,,,
246,3441,,,,,,,,,,,,,,,,,,,,,,,,,,,,,
247,3143,,,,,,,,,,,,,,,,,,,,,,,,,,,,,
248,3239,,,,,,,,,,,,,,,,,,,,,,,,,,,,,
249,3373,,,,,,,,,,,,,,,,,,,,,,,,,,,,,
250,2618,,,,,,,,,,,,,,,,,,,,,,,,,,,,,
251,3320,,,,,,,,,,,,,,,,,,,,,,,,,,,,,
252,2781,,,,,,,,,,,,,,,,,,,,,,,,,,,,,
253,3357,,,,,,,,,,,,,,,,,,,,,,,,,,,,,
254,2778,,,,,,,,,,,,,,,,,,,,,,,,,,,,,
255,3449,,,,,,,,,,,,,,,,,,,,,,,,,,,,,
256,3086,,,,,,,,,,,,,,,,,,,,,,,,,,,,,
257,2577,,,,,,,,,,,,,,,,,,,,,,,,,,,,,
258,3360,,,,,,,,,,,,,,,,,,,,,,,,,,,,,
259,3444,,,,,,,,,,,,,,,,,,,,,,,,,,,,,
260,3076,,,,,,,,,,,,,,,,,,,,,,,,,,,,,
261,2671,,,,,,,,,,,,,,,,,,,,,,,,,,,,,
262,3101,,,,,,,,,,,,,,,,,,,,,,,,,,,,,
263,3256,,,,,,,,,,,,,,,,,,,,,,,,,,,,,
264,3345,,,,,,,,,,,,,,,,,,,,,,,,,,,,,
265,3365,,,,,,,,,,,,,,,,,,,,,,,,,,,,,
266,3214,,,,,,,,,,,,,,,,,,,,,,,,,,,,,
267,2846,,,,,,,,,,,,,,,,,,,,,,,,,,,,,
268,3111,,,,,,,,,,,,,,,,,,,,,,,,,,,,,
269,2695,,,,,,,,,,,,,,,,,,,,,,,,,,,,,
270,3571,,,,,,,,,,,,,,,,,,,,,,,,,,,,,
271,3444,,,,,,,,,,,,,,,,,,,,,,,,,,,,,
272,3475,,,,,,,,,,,,,,,,,,,,,,,,,,,,,
273,2828,,,,,,,,,,,,,,,,,,,,,,,,,,,,,
274,2878,,,,,,,,,,,,,,,,,,,,,,,,,,,,,
275,3476,,,,,,,,,,,,,,,,,,,,,,,,,,,,,
276,3535,,,,,,,,,,,,,,,,,,,,,,,,,,,,,
277,2841,,,,,,,,,,,,,,,,,,,,,,,,,,,,,
278,2935,,,,,,,,,,,,,,,,,,,,,,,,,,,,,
279,3421,,,,,,,,,,,,,,,,,,,,,,,,,,,,,
280,3455,,,,,,,,,,,,,,,,,,,,,,,,,,,,,
281,3503,,,,,,,,,,,,,,,,,,,,,,,,,,,,,
282,3361,,,,,,,,,,,,,,,,,,,,,,,,,,,,,
283,3119,,,,,,,,,,,,,,,,,,,,,,,,,,,,,
284,3378,,,,,,,,,,,,,,,,,,,,,,,,,,,,,
285,2850,,,,,,,,,,,,,,,,,,,,,,,,,,,,,
286,3256,,,,,,,,,,,,,,,,,,,,,,,,,,,,,
287,2745,,,,,,,,,,,,,,,,,,,,,,,,,,,,,
288,3545,,,,,,,,,,,,,,,,,,,,,,,,,,,,,
289,2848,,,,,,,,,,,,,,,,,,,,,,,,,,,,,
290,3145,,,,,,,,,,,,,,,,,,,,,,,,,,,,,
291,3484,,,,,,,,,,,,,,,,,,,,,,,,,,,,,
292,3305,,,,,,,,,,,,,,,,,,,,,,,,,,,,,
293,3442,,,,,,,,,,,,,,,,,,,,,,,,,,,,,
294,3156,,,,,,,,,,,,,,,,,,,,,,,,,,,,,
295,3190,,,,,,,,,,,,,,,,,,,,,,,,,,,,,
296,3368,,,,,,,,,,,,,,,,,,,,,,,,,,,,,
297,3573,,,,,,,,,,,,,,,,,,,,,,,,,,,,,
298,3666,,,,,,,,,,,,,,,,,,,,,,,,,,,,,
299,2830,,,,,,,,,,,,,,,,,,,,,,,,,,,,,
300,3643,,,,,,,,,,,,,,,,,,,,,,,,,,,,,
301,2733,,,,,,,,,,,,,,,,,,,,,,,,,,,,,
302,2948,,,,,,,,,,,,,,,,,,,,,,,,,,,,,
303,3648,,,,,,,,,,,,,,,,,,,,,,,,,,,,,
304,3587,,,,,,,,,,,,,,,,,,,,,,,,,,,,,
305,3119,,,,,,,,,,,,,,,,,,,,,,,,,,,,,
306,3356,,,,,,,,,,,,,,,,,,,,,,,,,,,,,
307,3402,,,,,,,,,,,,,,,,,,,,,,,,,,,,,
308,3516,,,,,,,,,,,,,,,,,,,,,,,,,,,,,
309,3132,,,,,,,,,,,,,,,,,,,,,,,,,,,,,
310,2821,,,,,,,,,,,,,,,,,,,,,,,,,,,,,
311,3465,,,,,,,,,,,,,,,,,,,,,,,,,,,,,
312,2926,,,,,,,,,,,,,,,,,,,,,,,,,,,,,
313,3728,,,,,,,,,,,,,,,,,,,,,,,,,,,,,
314,3592,,,,,,,,,,,,,,,,,,,,,,,,,,,,,
315,3180,,,,,,,,,,,,,,,,,,,,,,,,,,,,,
316,3630,,,,,,,,,,,,,,,,,,,,,,,,,,,,,
317,3207,,,,,,,,,,,,,,,,,,,,,,,,,,,,,
318,3622,,,,,,,,,,,,,,,,,,,,,,,,,,,,,
319,2961,,,,,,,,,,,,,,,,,,,,,,,,,,,,,
320,3109,,,,,,,,,,,,,,,,,,,,,,,,,,,,,
321,3167,,,,,,,,,,,,,,,,,,,,,,,,,,,,,
322,3035,,,,,,,,,,,,,,,,,,,,,,,,,,,,,
323,3319,,,,,,,,,,,,,,,,,,,,,,,,,,,,,
324,3293,,,,,,,,,,,,,,,,,,,,,,,,,,,,,
325,3153,,,,,,,,,,,,,,,,,,,,,,,,,,,,,
326,3800,,,,,,,,,,,,,,,,,,,,,,,,,,,,,
327,2818,,,,,,,,,,,,,,,,,,,,,,,,,,,,,
328,3573,,,,,,,,,,,,,,,,,,,,,,,,,,,,,
329,3127,,,,,,,,,,,,,,,,,,,,,,,,,,,,,
330,3375,,,,,,,,,,,,,,,,,,,,,,,,,,,,,
331,3062,,,,,,,,,,,,,,,,,,,,,,,,,,,,,
332,3125,,,,,,,,,,,,,,,,,,,,,,,,,,,,,
333,3313,,,,,,,,,,,,,,,,,,,,,,,,,,,,,
334,2992,,,,,,,,,,,,,,,,,,,,,,,,,,,,,
335,2973,,,,,,,,,,,,,,,,,,,,,,,,,,,,,
336,3640,,,,,,,,,,,,,,,,,,,,,,,,,,,,,
337,3730,,,,,,,,,,,,,,,,,,,,,,,,,,,,,
338,2939,,,,,,,,,,,,,,,,,,,,,,,,,,,,,
339,3731,,,,,,,,,,,,,,,,,,,,,,,,,,,,,
340,3778,,,,,,,,,,,,,,,,,,,,,,,,,,,,,
341,3118,,,,,,,,,,,,,,,,,,,,,,,,,,,,,
342,3824,,,,,,,,,,,,,,,,,,,,,,,,,,,,,
343,3114,,,,,,,,,,,,,,,,,,,,,,,,,,,,,
344,2895,,,,,,,,,,,,,,,,,,,,,,,,,,,,,
345,3645,,,,,,,,,,,,,,,,,,,,,,,,,,,,,
346,3301,,,,,,,,,,,,,,,,,,,,,,,,,,,,,
347,3619,,,,,,,,,,,,,,,,,,,,,,,,,,,,,
348,3859,,,,,,,,,,,,,,,,,,,,,,,,,,,,,
349,3711,,,,,,,,,,,,,,,,,,,,,,,,,,,,,
350,3059,,,,,,,,,,,,,,,,,,,,,,,,,,,,,
351,3776,,,,,,,,,,,,,,,,,,,,,,,,,,,,,
352,3299,,,,,,,,,,,,,,,,,,,,,,,,,,,,,
353,3275,,,,,,,,,,,,,,,,,,,,,,,,,,,,,
354,2980,,,,,,,,,,,,,,,,,,,,,,,,,,,,,
355,3097,,,,,,,,,,,,,,,,,,,,,,,,,,,,,
356,3511,,,,,,,,,,,,,,,,,,,,,,,,,,,,,
357,3129,,,,,,,,,,,,,,,,,,,,,,,,,,,,,
358,3504,,,,,,,,,,,,,,,,,,,,,,,,,,,,,
359,3526,,,,,,,,,,,,,,,,,,,,,,,,,,,,,
360,3139,,,,,,,,,,,,,,,,,,,,,,,,,,,,,
361,3249,,,,,,,,,,,,,,,,,,,,,,,,,,,,,
362,3079,,,,,,,,,,,,,,,,,,,,,,,,,,,,,
363,3137,,,,,,,,,,,,,,,,,,,,,,,,,,,,,
364,3926,,,,,,,,,,,,,,,,,,,,,,,,,,,,,
365,3873,,,,,,,,,,,,,,,,,,,,,,,,,,,,,
366,3430,,,,,,,,,,,,,,,,,,,,,,,,,,,,,
367,3729,,,,,,,,,,,,,,,,,,,,,,,,,,,,,
368,3759,,,,,,,,,,,,,,,,,,,,,,,,,,,,,
369,3279,,,,,,,,,,,,,,,,,,,,,,,,,,,,,
370,3195,,,,,,,,,,,,,,,,,,,,,,,,,,,,,
371,3447,,,,,,,,,,,,,,,,,,,,,,,,,,,,,
372,3520,,,,,,,,,,,,,,,,,,,,,,,,,,,,,
373,3383,,,,,,,,,,,,,,,,,,,,,,,,,,,,,
374,3215,,,,,,,,,,,,,,,,,,,,,,,,,,,,,
375,3247,,,,,,,,,,,,,,,,,,,,,,,,,,,,,
376,3215,,,,,,,,,,,,,,,,,,,,,,,,,,,,,
377,3333,,,,,,,,,,,,,,,,,,,,,,,,,,,,,
378,4008,,,,,,,,,,,,,,,,,,,,,,,,,,,,,
379,3227,,,,,,,,,,,,,,,,,,,,,,,,,,,,,
380,3726,,,,,,,,,,,,,,,,,,,,,,,,,,,,,
381,3511,,,,,,,,,,,,,,,,,,,,,,,,,,,,,
382,3726,,,,,,,,,,,,,,,,,,,,,,,,,,,,,
383,3705,,,,,,,,,,,,,,,,,,,,,,,,,,,,,
384,3319,,,,,,,,,,,,,,,,,,,,,,,,,,,,,
385,3222,,,,,,,,,,,,,,,,,,,,,,,,,,,,,
386,3624,,,,,,,,,,,,,,,,,,,,,,,,,,,,,
387,3445,,,,,,,,,,,,,,,,,,,,,,,,,,,,,
388,3298,,,,,,,,,,,,,,,,,,,,,,,,,,,,,
389,3626,,,,,,,,,,,,,,,,,,,,,,,,,,,,,
390,3887,,,,,,,,,,,,,,,,,,,,,,,,,,,,,
391,3408,,,,,,,,,,,,,,,,,,,,,,,,,,,,,
392,3431,,,,,,,,,,,,,,,,,,,,,,,,,,,,,
393,3550,,,,,,,,,,,,,,,,,,,,,,,,,,,,,
394,3878,,,,,,,,,,,,,,,,,,,,,,,,,,,,,
395,3516,,,,,,,,,,,,,,,,,,,,,,,,,,,,,
396,3814,,,,,,,,,,,,,,,,,,,,,,,,,,,,,
397,3775,,,,,,,,,,,,,,,,,,,,,,,,,,,,,
398,3797,,,,,,,,,,,,,,,,,,,,,,,,,,,,,
399,3873,,,,,,,,,,,,,,,,,,,,,,,,,,,,,
400,3335,,,,,,,,,,,,,,,,,,,,,,,,,,,,,
401,3941,,,,,,,,,,,,,,,,,,,,,,,,,,,,,
402,3176,,,,,,,,,,,,,,,,,,,,,,,,,,,,,
403,3872,,,,,,,,,,,,,,,,,,,,,,,,,,,,,
404,3567,,,,,,,,,,,,,,,,,,,,,,,,,,,,,
405,3123,,,,,,,,,,,,,,,,,,,,,,,,,,,,,
406,3690,,,,,,,,,,,,,,,,,,,,,,,,,,,,,
407,3790,,,,,,,,,,,,,,,,,,,,,,,,,,,,,
408,3263,,,,,,,,,,,,,,,,,,,,,,,,,,,,,
409,3513,,,,,,,,,,,,,,,,,,,,,,,,,,,,,
410,3773,,,,,,,,,,,,,,,,,,,,,,,,,,,,,
411,3647,,,,,,,,,,,,,,,,,,,,,,,,,,,,,
412,3929,,,,,,,,,,,,,,,,,,,,,,,,,,,,,
413,3495,,,,,,,,,,,,,,,,,,,,,,,,,,,,,
414,3645,,,,,,,,,,,,,,,,,,,,,,,,,,,,,
415,3501,,,,,,,,,,,,,,,,,,,,,,,,,,,,,
416,3317,,,,,,,,,,,,,,,,,,,,,,,,,,,,,
417,3620,,,,,,,,,,,,,,,,,,,,,,,,,,,,,
418,4020,,,,,,,,,,,,,,,,,,,,,,,,,,,,,
419,4160,,,,,,,,,,,,,,,,,,,,,,,,,,,,,
420,3440,,,,,,,,,,,,,,,,,,,,,,,,,,,,,
421,3585,,,,,,,,,,,,,,,,,,,,,,,,,,,,,
422,3516,,,,,,,,,,,,,,,,,,,,,,,,,,,,,
423,4015,,,,,,,,,,,,,,,,,,,,,,,,,,,,,
424,3265,,,,,,,,,,,,,,,,,,,,,,,,,,,,,
425,3958,,,,,,,,,,,,,,,,,,,,,,,,,,,,,
426,3771,,,,,,,,,,,,,,,,,,,,,,,,,,,,,
427,3535,,,,,,,,,,,,,,,,,,,,,,,,,,,,,
428,4061,,,,,,,,,,,,,,,,,,,,,,,,,,,,,
429,3517,,,,,,,,,,,,,,,,,,,,,,,,,,,,,
430,3840,,,,,,,,,,,,,,,,,,,,,,,,,,,,,
431,3322,,,,,,,,,,,,,,,,,,,,,,,,,,,,,
432,3877,,,,,,,,,,,,,,,,,,,,,,,,,,,,,
433,3767,,,,,,,,,,,,,,,,,,,,,,,,,,,,,
434,3584,,,,,,,,,,,,,,,,,,,,,,,,,,,,,
435,4192,,,,,,,,,,,,,,,,,,,,,,,,,,,,,
436,4083,,,,,,,,,,,,,,,,,,,,,,,,,,,,,
437,4069,,,,,,,,,,,,,,,,,,,,,,,,,,,,,
438,3946,,,,,,,,,,,,,,,,,,,,,,,,,,,,,
439,3682,,,,,,,,,,,,,,,,,,,,,,,,,,,,,
440,4187,,,,,,,,,,,,,,,,,,,,,,,,,,,,,
441,4173,,,,,,,,,,,,,,,,,,,,,,,,,,,,,
442,3508,,,,,,,,,,,,,,,,,,,,,,,,,,,,,
443,3557,,,,,,,,,,,,,,,,,,,,,,,,,,,,,
444,4188,,,,,,,,,,,,,,,,,,,,,,,,,,,,,
445,3880,,,,,,,,,,,,,,,,,,,,,,,,,,,,,
446,3718,,,,,,,,,,,,,,,,,,,,,,,,,,,,,
447,3321,,,,,,,,,,,,,,,,,,,,,,,,,,,,,
448,4215,,,,,,,,,,,,,,,,,,,,,,,,,,,,,
449,3580,,,,,,,,,,,,,,,,,,,,,,,,,,,,,
450,4169,,,,,,,,,,,,,,,,,,,,,,,,,,,,,
451,3560,,,,,,,,,,,,,,,,,,,,,,,,,,,,,
452,3522,,,,,,,,,,,,,,,,,,,,,,,,,,,,,
453,3765,,,,,,,,,,,,,,,,,,,,,,,,,,,,,
454,4043,,,,,,,,,,,,,,,,,,,,,,,,,,,,,
455,3747,,,,,,,,,,,,,,,,,,,,,,,,,,,,,
456,4042,,,,,,,,,,,,,,,,,,,,,,,,,,,,,
457,3941,,,,,,,,,,,,,,,,,,,,,,,,,,,,,
458,3974,,,,,,,,,,,,,,,,,,,,,,,,,,,,,
459,4089,,,,,,,,,,,,,,,,,,,,,,,,,,,,,
460,3831,,,,,,,,,,,,,,,,,,,,,,,,,,,,,
461,4083,,,,,,,,,,,,,,,,,,,,,,,,,,,,,
462,3965,,,,,,,,,,,,,,,,,,,,,,,,,,,,,
463,4325,,,,,,,,,,,,,,,,,,,,,,,,,,,,,
464,3631,,,,,,,,,,,,,,,,,,,,,,,,,,,,,
465,3903,,,,,,,,,,,,,,,,,,,,,,,,,,,,,
466,3623,,,,,,,,,,,,,,,,,,,,,,,,,,,,,
467,4002,,,,,,,,,,,,,,,,,,,,,,,,,,,,,
468,4350,,,,,,,,,,,,,,,,,,,,,,,,,,,,,
469,4309,,,,,,,,,,,,,,,,,,,,,,,,,,,,,
470,4111,,,,,,,,,,,,,,,,,,,,,,,,,,,,,
471,4115,,,,,,,,,,,,,,,,,,,,,,,,,,,,,
472,3415,,,,,,,,,,,,,,,,,,,,,,,,,,,,,
473,3929,,,,,,,,,,,,,,,,,,,,,,,,,,,,,
474,4372,,,,,,,,,,,,,,,,,,,,,,,,,,,,,
475,4087,,,,,,,,,,,,,,,,,,,,,,,,,,,,,
476,4164,,,,,,,,,,,,,,,,,,,,,,,,,,,,,
477,4256,,,,,,,,,,,,,,,,,,,,,,,,,,,,,
478,3819,,,,,,,,,,,,,,,,,,,,,,,,,,,,,
479,4336,,,,,,,,,,,,,,,,,,,,,,,,,,,,,
480,4263,,,,,,,,,,,,,,,,,,,,,,,,,,,,,
481,4410,,,,,,,,,,,,,,,,,,,,,,,,,,,,,
482,4098,,,,,,,,,,,,,,,,,,,,,,,,,,,,,
483,3671,,,,,,,,,,,,,,,,,,,,,,,,,,,,,
484,3718,,,,,,,,,,,,,,,,,,,,,,,,,,,,,
485,4281,,,,,,,,,,,,,,,,,,,,,,,,,,,,,
486,3849,,,,,,,,,,,,,,,,,,,,,,,,,,,,,
487,4187,,,,,,,,,,,,,,,,,,,,,,,,,,,,,
488,4367,,,,,,,,,,,,,,,,,,,,,,,,,,,,,
489,4005,,,,,,,,,,,,,,,,,,,,,,,,,,,,,
490,3817,,,,,,,,,,,,,,,,,,,,,,,,,,,,,
491,4370,,,,,,,,,,,,,,,,,,,,,,,,,,,,,
492,3560,,,,,,,,,,,,,,,,,,,,,,,,,,,,,
493,4185,,,,,,,,,,,,,,,,,,,,,,,,,,,,,
494,3929,,,,,,,,,,,,,,,,,,,,,,,,,,,,,
495,4396,,,,,,,,,,,,,,,,,,,,,,,,,,,,,
496,4329,,,,,,,,,,,,,,,,,,,,,,,,,,,,,
497,4043,,,,,,,,,,,,,,,,,,,,,,,,,,,,,
498,3616,,,,,,,,,,,,,,,,,,,,,,,,,,,,,
499,3550,,,,,,,,,,,,,,,,,,,,,,,,,,,,,
500,4065,,,,,,,,,,,,,,,,,,,,,,,,,,,,,
